ID,Q73,Q74,Q75,Q76,Q77,Q78,Q79,Q80
905012,1,5,4,5,5,4,4,4
912010,3,4,3,5,4,4,2,4
908015,1,2,3,4,5,3,3,4
912011,5,2,3,4,5,4,4,4
910012,4,2,2,4,5,4,4,4
908014,5,5,4,4,5,4,4,4
912009,5,5,3,5,5,4,4,4
904020,2,4,4,0,2,3,3,4
905010,5,5,3,5,5,4,4,4
905018,5,5,3,3,3,4,4,4
902024,1,2,4,4,5,2,2,4
902029,5,5,4,5,5,4,4,4
907028,3,4,4,4,4,4,4,4
911028,5,5,4,5,5,4,4,4
901032,5,2,4,5,5,3,3,4
903021,5,2,2,5,5,4,3,4
904033,0,5,4,4,5,3,3,4
902028,5,5,4,4,5,4,4,4
906024,5,5,4,5,5,4,4,4
911027,5,4,3,4,4,3,3,4
903027,5,5,4,4,5,4,4,4
909029,5,4,4,5,5,4,4,4
903024,4,5,4,4,5,4,4,4
904031,5,4,4,5,5,4,4,4
907023,5,5,4,4,5,3,3,3
903026,3,5,3,5,5,3,3,3
910020,5,4,4,4,4,4,4,4
907024,3,5,3,4,5,4,3,3
910035,4,5,3,2,4,4,4,3
904032,4,3,4,5,5,4,4,4
909032,2,3,4,5,5,4,3,4
909033,5,5,3,5,5,4,4,4
906029,4,2,1,5,5,4,4,4
912068,1,3,4,4,4,3,3,4
911066,5,3,4,4,5,3,3,4
910085,3,4,3,5,4,3,4,4
909074,5,5,3,4,5,4,4,4
901080,4,5,2,4,5,4,4,1
909084,3,5,3,5,5,4,4,4
908073,3,4,2,5,5,3,4,3
905086,5,5,4,4,4,4,4,4
905087,5,5,3,4,5,4,4,4
911081,5,5,4,5,5,4,4,4
907074,5,5,4,4,4,4,4,4
907071,5,5,4,5,5,4,4,4
906078,5,4,1,4,2,3,4,4
909083,2,3,2,1,4,1,1,1
910094,5,5,4,5,5,4,4,4
906086,2,3,4,5,1,4,4,4
910095,5,3,3,4,4,4,4,4
912083,4,4,2,5,5,4,4,4
906083,5,3,4,4,4,2,2,2
905093,5,5,4,5,5,4,4,4
904085,5,5,3,4,5,4,4,3
908080,5,5,3,4,5,4,4,4
901085,5,5,3,4,5,4,4,4
908078,5,5,4,4,4,3,3,4
909096,4,5,4,3,3,3,3,3
911087,2,3,4,4,4,4,4,4
904087,4,4,3,4,4,4,4,4
906092,5,4,4,5,5,3,4,4
905102,5,4,4,4,3,4,4,4
907086,5,3,4,4,5,4,4,4
904096,2,4,3,4,4,3,3,3
904099,4,4,3,4,5,1,1,1
904098,5,5,4,4,5,4,4,4
912101,5,5,4,4,5,4,4,4
903104,5,2,4,5,5,4,4,4
901093,5,3,4,5,5,4,4,4
906110,5,5,4,4,4,4,4,4
910121,0,5,4,5,5,4,4,4
907105,3,4,1,4,4,4,4,4
912109,1,5,4,4,5,4,4,4
912102,5,5,3,5,5,4,4,4
909111,5,5,4,4,5,4,4,4
911092,5,2,3,4,5,3,4,4
910119,5,2,3,4,5,4,4,4
902111,2,4,3,5,5,2,2,2
901100,4,4,0,5,5,4,4,4
910120,3,5,4,5,5,4,4,4
904104,5,2,4,4,5,4,4,4
903105,2,4,3,4,4,1,1,1
902113,4,4,3,4,3,4,4,4
912115,5,5,3,5,5,4,4,4
909114,2,3,2,4,4,3,3,3
906113,5,3,4,4,5,4,3,4
906114,5,5,3,5,5,4,4,4
905126,5,5,4,5,2,1,4,4
901118,5,5,4,5,5,4,4,4
902129,3,2,4,5,4,3,3,3
910143,2,4,4,4,4,1,1,4
901117,5,5,3,4,5,4,3,3
910142,2,3,4,5,5,4,4,4
907131,5,5,4,5,5,4,4,4
906132,1,1,3,5,5,4,4,4
905127,5,5,4,5,5,4,4,4
907129,5,5,4,5,5,4,4,4
912132,2,2,3,3,3,3,3,4
908127,5,5,4,4,5,4,4,4
908123,5,5,3,3,5,4,4,4
901132,5,5,4,5,5,4,4,4
911129,5,5,3,4,5,4,4,4
911130,5,5,4,4,4,4,4,4
904139,4,5,3,4,5,4,4,4
910158,5,3,4,4,4,4,4,4
909139,5,5,4,5,5,4,4,4
911133,1,5,4,5,5,4,4,4
905138,2,5,3,4,5,4,4,4
902148,5,3,2,5,5,4,4,4
909142,4,4,3,3,3,3,3,3
910169,5,5,4,2,2,4,4,4
908134,4,4,2,4,3,3,3,3
905151,5,4,2,5,5,3,4,4
902147,5,3,4,4,5,4,4,4
904148,5,4,4,4,5,4,4,4
910172,5,3,2,5,5,4,4,4
907160,4,4,3,5,5,4,1,4
912155,5,5,4,5,5,4,3,4
901149,4,5,4,5,5,4,4,4
908141,2,4,4,4,5,4,4,4
904158,5,5,4,5,5,4,4,4
901159,5,5,3,5,5,4,4,4
909163,5,4,3,5,2,4,4,4
901160,3,5,3,5,4,4,4,4
908151,2,5,4,5,5,4,4,4
906159,2,5,3,3,4,3,3,3
904157,4,4,2,5,4,4,4,4
902157,4,2,0,0,0,0,0,0
901157,5,5,4,4,5,3,3,4
908156,4,5,2,5,5,4,4,4
904162,5,5,3,4,5,4,4,4
908155,5,5,2,4,4,4,4,4
906165,3,3,3,3,2,3,3,4
909171,2,5,3,4,4,4,4,3
910186,4,4,4,5,5,0,4,4
910185,5,2,3,5,5,4,4,4
910188,5,5,2,4,5,4,4,4
904165,4,4,4,4,5,3,4,4
908162,5,3,4,4,5,4,4,4
901174,5,5,4,5,5,4,4,4
905179,5,5,4,5,5,4,4,4
908171,4,4,4,3,5,1,1,1
901061,1,1,4,4,3,3,4,4
908064,2,5,2,5,5,4,4,4
912062,4,4,3,4,4,4,4,4
905069,4,4,4,4,5,3,3,4
901001,5,5,3,4,5,4,4,4
908001,2,5,3,5,5,1,4,4
907019,5,5,3,5,5,4,4,4
909023,4,3,3,4,5,3,3,3
907017,5,5,4,5,5,4,4,4
901024,3,4,3,2,5,1,1,1
910016,5,5,4,4,5,4,4,4
904023,4,3,3,4,3,3,4,4
912017,4,4,3,4,4,2,2,3
902016,3,4,1,5,5,4,4,3
906017,3,3,4,5,5,3,4,3
903014,1,5,4,4,5,4,4,4
912018,4,4,3,4,4,3,3,3
908036,4,4,4,4,5,2,3,4
908037,5,5,4,5,5,4,4,4
906623,4,4,3,4,4,4,4,4
901619,5,5,4,4,4,3,3,4
903611,3,4,1,4,5,4,4,4
906621,2,5,4,3,5,4,4,4
903617,2,3,2,5,5,3,3,3
912617,3,4,2,4,4,3,3,3
912624,4,4,3,4,5,4,4,4
903619,5,5,4,5,5,4,4,4
907449,4,3,3,4,5,4,4,4
901484,5,5,2,4,5,4,4,3
902484,2,5,3,4,5,4,4,4
906481,2,5,4,5,5,4,4,4
904473,5,5,2,4,5,4,4,4
911375,2,5,4,5,5,4,4,4
908382,4,5,4,5,5,4,4,4
902403,2,2,4,4,5,3,4,3
906406,5,2,2,4,5,3,3,3
912403,2,3,2,4,1,1,1,1
912397,4,5,1,5,5,0,4,4
912398,2,4,3,4,5,4,4,4
902404,4,4,4,5,5,4,4,4
911392,0,4,3,3,5,3,4,3
909593,2,3,4,5,5,4,4,4
910596,5,2,4,5,5,4,4,4
905603,5,4,3,4,5,3,3,3
908596,5,4,4,5,4,3,4,4
904638,5,5,4,4,5,4,4,4
904667,4,3,3,4,4,4,4,4
905468,5,4,4,4,3,4,4,4
907479,5,5,4,4,5,4,4,4
902009,5,5,4,4,5,4,3,3
906007,2,1,4,3,2,3,4,3
911007,5,5,3,5,3,1,1,1
902007,5,5,4,5,5,4,4,4
904015,5,5,2,5,2,4,4,4
911010,5,1,4,5,5,4,4,4
907008,2,3,4,4,5,4,4,4
908013,4,5,2,5,5,2,4,1
910007,5,5,1,5,5,4,4,4
901012,1,4,3,3,2,3,3,3
904014,5,2,4,4,5,4,4,4
908011,2,3,2,5,5,4,4,4
906004,4,5,3,4,5,3,4,3
909013,4,5,2,5,5,4,4,4
902043,5,4,2,4,5,0,3,3
912042,5,5,4,5,5,4,4,4
904047,5,2,4,4,3,4,3,4
901045,3,2,3,4,4,4,3,4
904050,5,5,4,3,5,4,3,4
901046,5,5,4,4,5,4,4,4
905044,4,4,4,4,4,3,3,4
905053,5,2,3,4,4,4,4,4
912052,4,4,2,4,4,4,4,4
912049,5,5,3,3,5,4,4,4
908058,0,0,0,5,5,4,4,4
909056,5,3,2,4,5,3,4,4
905057,2,3,4,5,5,3,4,4
901054,5,5,4,5,5,3,4,3
909057,2,2,1,5,5,1,4,4
901051,4,5,2,5,5,4,4,4
905054,5,5,4,5,5,1,4,4
912065,2,3,3,5,4,3,3,3
909066,5,5,4,5,4,4,4,4
909122,5,4,3,4,5,4,4,4
911100,3,4,3,5,5,3,3,4
902125,5,5,2,5,1,4,4,4
903122,5,5,4,5,5,4,4,4
912118,3,4,2,4,3,3,4,3
907125,4,5,2,5,5,4,4,3
902124,1,1,4,5,5,4,4,4
906127,5,4,3,4,0,3,2,2
901109,3,3,2,5,4,3,4,4
901113,3,5,3,5,5,4,4,4
902117,4,2,4,4,5,2,2,2
907138,2,5,2,4,5,1,1,1
902140,4,2,4,4,5,1,1,4
901130,3,4,3,3,3,4,4,4
911118,5,5,4,5,5,4,4,4
907137,1,2,2,5,5,4,4,4
910150,3,5,4,4,5,4,4,4
901131,5,5,4,4,5,4,4,4
912135,5,4,4,5,5,4,3,3
901128,5,2,4,4,4,4,4,4
903133,5,5,4,4,5,4,4,4
911117,2,4,4,3,5,4,4,4
904128,1,5,4,5,5,3,3,3
903139,5,5,3,4,5,4,4,3
908131,4,3,3,5,5,3,3,3
910164,5,5,4,5,5,4,4,4
903151,5,3,4,4,5,4,4,4
901141,5,5,4,5,5,4,4,4
901153,5,5,4,5,5,4,4,4
908144,1,1,4,4,4,4,4,4
908147,5,5,4,5,5,4,3,4
904154,4,4,3,4,4,3,4,4
908146,5,5,4,5,3,4,4,4
911154,5,3,3,4,5,4,4,3
908152,3,4,2,5,5,3,3,3
906168,2,3,4,4,4,1,1,4
911174,4,5,4,4,5,2,2,4
908167,4,3,3,3,4,4,4,4
908168,5,5,4,5,5,4,4,4
905177,5,5,4,5,5,3,3,3
909446,5,5,4,5,5,4,4,4
904447,3,4,3,5,5,4,4,4
905440,4,5,4,5,5,3,3,4
906450,5,5,3,4,5,4,4,4
906453,5,5,2,5,5,4,4,4
910448,5,3,4,5,4,4,4,4
909449,5,5,4,5,5,4,4,4
909447,5,5,4,0,5,3,4,4
907454,1,5,3,5,5,4,4,4
907457,1,5,3,4,4,4,4,4
901441,5,5,4,4,4,4,4,4
907459,5,5,4,4,5,4,4,4
912446,5,5,2,5,5,4,4,4
903459,5,5,4,4,4,3,4,4
909458,4,4,3,5,5,3,4,4
909455,5,5,3,4,5,4,4,4
901455,3,5,4,3,5,3,4,4
906464,2,3,3,5,4,4,4,4
910459,5,5,4,3,5,4,4,3
908456,5,4,2,5,3,4,4,4
905456,3,4,3,5,5,4,4,0
908457,4,4,3,5,4,4,4,4
906461,2,3,3,4,3,3,3,4
902455,5,5,4,3,3,2,3,2
903462,4,4,2,5,5,2,2,2
910456,5,5,4,5,5,4,4,4
907460,5,4,4,4,5,4,3,4
908476,3,5,1,4,5,4,4,4
902480,1,5,3,5,5,4,4,4
909480,3,4,1,5,5,4,4,4
909479,5,5,4,5,5,4,4,4
901483,5,5,4,4,5,4,4,4
906612,1,1,1,5,5,4,4,4
904600,5,3,4,4,4,3,3,4
905607,5,2,4,5,5,4,4,4
912606,5,5,4,4,5,4,4,4
906611,1,3,3,4,4,4,4,4
901607,5,3,4,4,4,4,4,4
912604,4,3,4,4,0,4,4,4
904607,3,4,4,3,5,3,4,4
908599,4,4,4,4,5,4,4,4
910600,1,1,4,5,5,4,4,4
911604,5,3,3,4,4,4,4,4
908601,5,5,4,4,4,4,4,4
908609,3,3,3,4,4,3,3,4
911609,5,5,4,5,5,4,4,4
901608,3,3,4,3,5,4,4,4
908604,5,5,3,5,5,4,3,3
904641,5,5,4,4,3,4,4,4
908592,5,5,4,4,5,4,4,4
905596,5,5,4,4,5,4,4,4
909632,5,4,2,5,5,3,4,4
909639,5,5,4,4,4,3,4,3
908350,5,5,4,5,5,4,4,4
908357,1,5,3,3,3,3,3,3
901186,5,5,3,5,5,4,4,4
908189,2,3,3,5,4,4,4,4
906196,5,3,2,5,5,4,4,4
909200,5,5,4,5,5,4,4,4
910217,5,4,4,5,5,4,4,4
902205,5,5,4,5,5,4,4,4
904216,5,5,4,4,4,4,4,4
908209,5,3,2,5,1,4,4,4
903217,5,5,3,4,5,4,4,3
901212,3,5,3,5,5,4,4,4
903223,5,5,4,4,5,4,4,4
909227,3,4,4,5,5,4,4,4
903230,5,5,3,5,5,4,4,4
903231,2,3,4,5,5,4,4,4
903229,3,2,4,5,5,4,4,4
911225,5,4,3,5,5,4,3,4
906222,4,3,4,5,5,4,4,4
911224,5,5,4,5,5,4,4,4
904229,5,4,4,3,5,3,4,4
910252,4,5,3,5,5,4,4,4
908238,5,2,4,4,5,3,1,3
908242,5,5,4,4,5,4,3,4
904241,5,5,3,4,5,4,4,4
911250,2,2,4,5,5,4,4,4
906248,5,5,4,5,5,4,4,4
911249,5,1,3,4,5,3,4,4
908253,4,4,3,4,5,4,4,4
908256,5,5,4,5,5,4,4,4
912252,4,4,4,5,5,1,2,2
905251,5,4,4,4,5,4,4,4
903246,5,5,1,4,5,3,4,4
912256,5,4,3,5,5,4,4,4
911252,2,3,4,4,5,4,4,4
909254,1,4,4,4,5,4,1,4
902252,5,4,2,3,2,4,4,4
902258,5,5,3,5,5,4,4,4
912263,2,3,4,4,4,1,1,1
908261,5,5,3,4,5,3,3,4
912262,5,5,4,5,5,4,4,4
909261,2,5,1,5,3,3,3,3
902262,5,3,3,4,4,3,3,4
911260,5,5,4,5,5,4,4,4
906254,5,2,4,4,4,4,3,4
908266,4,3,2,4,5,3,3,3
911263,5,5,3,5,5,3,4,4
911258,2,5,3,4,2,3,3,3
904257,2,3,3,5,5,3,2,2
909264,5,5,2,4,5,4,4,4
910284,5,3,2,4,3,4,4,4
907265,1,5,4,3,5,4,4,4
902270,0,0,0,5,5,4,4,4
906260,5,5,2,3,5,4,4,3
910281,4,5,4,5,5,4,4,4
912271,5,5,4,5,5,3,3,4
909270,5,5,4,4,4,3,3,3
905271,5,5,4,5,5,4,4,4
901269,5,5,3,4,5,4,4,4
905274,5,4,3,5,5,4,4,4
904268,5,5,4,5,5,4,4,4
912277,5,5,3,5,5,4,4,4
907278,5,5,4,5,5,4,4,4
903270,5,4,4,4,5,3,4,3
904267,5,5,2,5,5,3,3,3
911274,5,0,4,5,4,4,0,4
902281,5,5,4,5,5,4,4,4
902285,4,5,4,4,5,2,4,4
901265,5,3,4,5,5,4,4,4
902277,5,5,4,4,5,4,4,4
909272,4,5,4,5,5,4,4,4
901264,2,3,4,5,3,3,3,3
904272,2,3,4,5,3,4,4,4
909273,5,5,3,4,2,3,3,3
906268,1,3,3,4,4,3,3,3
905286,4,4,3,5,5,4,4,4
903274,4,4,1,4,4,1,1,1
907285,5,4,3,4,4,4,4,4
912285,4,4,4,4,4,4,4,4
910292,5,5,3,5,5,4,4,4
908284,5,3,2,3,5,4,3,3
905292,3,4,3,4,4,4,4,4
910305,5,5,3,5,5,4,4,3
911287,4,4,4,5,4,4,4,4
901289,3,4,3,3,4,3,3,3
908289,4,5,3,4,5,4,4,4
902293,5,5,3,5,5,4,4,4
903278,4,5,3,4,5,3,4,3
911285,5,3,4,4,4,4,3,4
905295,5,3,4,4,5,4,3,4
910300,5,3,4,5,5,4,3,4
901286,5,4,3,4,4,4,4,3
903279,5,1,4,4,0,3,3,3
908291,5,2,3,5,5,4,4,4
907291,2,5,3,4,5,4,4,4
908290,2,3,3,4,4,2,3,3
911283,5,5,3,5,5,4,4,4
911284,5,5,4,5,5,4,4,4
904291,5,5,1,5,5,4,4,3
912289,5,5,4,4,5,3,4,4
905299,4,3,4,4,5,3,3,4
906289,4,4,3,4,4,4,4,4
909288,5,5,3,4,4,4,4,4
902299,5,5,4,5,5,4,4,4
909293,1,5,4,5,5,4,4,4
911290,5,3,3,4,5,4,4,4
907306,2,3,4,4,5,4,4,4
907296,5,4,4,5,5,4,4,4
903302,3,1,3,5,5,4,4,4
911304,5,5,3,4,5,4,4,4
907309,5,3,4,5,5,4,4,4
901300,5,5,3,4,4,4,4,4
906293,5,3,2,4,5,3,3,3
902302,4,3,3,5,5,4,4,4
912304,1,2,3,3,5,4,4,4
911297,5,5,4,5,5,4,4,4
907307,5,2,4,5,5,4,4,4
904304,3,3,3,4,4,4,4,4
910318,3,5,2,4,4,3,3,3
901307,4,4,3,5,5,4,4,4
910315,4,3,4,4,4,4,4,4
903290,5,5,4,4,5,3,4,4
908303,5,5,4,5,5,4,4,4
903295,3,5,3,5,5,3,4,3
905301,5,2,2,5,5,4,4,4
906299,4,4,0,5,5,2,2,4
907299,5,5,3,4,5,3,3,4
911299,5,5,4,4,4,4,4,4
912298,5,5,4,4,5,4,4,4
903300,4,5,4,5,4,4,4,4
906294,5,3,3,4,5,3,3,3
902307,3,5,3,5,5,4,4,4
901302,4,4,3,4,4,4,4,4
901312,5,3,4,5,5,4,4,4
909298,5,4,3,5,5,4,4,4
906300,5,3,4,4,5,4,4,4
904311,5,5,4,5,5,3,3,4
907305,4,4,4,4,5,4,4,3
908296,5,5,3,4,5,4,4,4
909303,5,1,4,3,5,4,4,4
908306,5,5,4,4,4,3,4,3
910330,5,5,3,3,5,4,4,4
903313,5,3,4,2,4,1,4,4
906318,5,5,3,4,5,4,4,4
910329,5,5,4,5,5,4,4,4
908316,5,4,4,5,5,4,4,4
908318,2,5,2,5,5,4,4,4
910325,4,4,3,3,5,4,4,4
912309,3,3,3,5,5,4,4,4
903310,5,5,2,4,5,4,4,4
907314,5,5,4,5,5,4,4,4
904316,3,5,3,5,5,4,4,4
909315,5,5,4,4,5,3,4,3
906308,5,5,4,4,5,4,4,4
906317,4,3,4,5,5,3,3,4
912310,5,5,4,5,5,4,4,4
905314,5,5,3,5,5,4,4,4
911320,1,5,4,5,5,4,4,4
906320,5,4,4,4,5,4,3,4
908319,5,3,4,5,5,4,4,4
903323,5,5,3,5,5,4,4,4
904324,4,4,3,4,3,1,1,3
907322,4,3,3,5,5,4,4,4
908321,4,4,4,5,5,2,2,4
904326,5,0,4,4,5,4,4,4
912324,1,0,3,5,5,4,4,4
906323,2,3,2,5,5,2,3,3
905326,5,3,3,5,5,4,4,4
911322,4,2,2,5,5,4,4,4
912327,5,2,4,5,5,4,4,4
906325,5,5,4,4,5,3,4,4
911324,5,5,3,5,5,4,4,4
901326,5,5,4,5,5,4,4,4
901330,5,2,3,5,3,1,3,3
910340,5,5,4,3,4,1,1,1
912331,2,4,4,5,2,4,4,3
909330,5,5,3,5,5,4,4,3
911328,4,4,3,5,4,4,4,3
909001,4,4,3,5,5,4,4,4
910002,5,4,4,4,5,4,4,4
904004,5,5,4,4,4,4,4,4
906001,5,5,4,5,5,4,2,4
911001,3,5,4,5,5,2,4,4
909003,5,5,4,4,5,4,4,4
904006,5,5,4,5,5,4,4,4
911002,5,5,4,5,5,4,4,4
909071,2,5,2,4,5,4,4,4
911071,4,4,3,5,5,3,4,4
903068,5,5,2,5,5,4,4,4
902072,5,1,4,5,5,4,4,4
911073,1,2,4,5,4,4,4,4
903072,5,5,2,5,3,3,3,3
905077,4,5,2,4,5,4,4,4
901074,1,5,2,4,5,3,3,3
901352,5,5,4,5,5,4,4,4
909194,5,5,4,5,5,4,4,4
901196,5,4,3,4,5,4,4,4
901227,5,5,4,4,5,4,4,4
910250,4,4,2,5,5,4,4,4
910640,5,3,3,5,5,4,3,3
909638,5,5,4,5,5,4,4,4
903642,5,3,3,4,3,3,3,4
912646,4,2,4,5,5,4,3,3
904648,3,2,3,5,5,3,3,4
901649,5,5,4,5,5,4,4,4
906221,5,5,3,5,5,4,4,4
907353,4,4,3,2,5,4,3,3
909347,5,5,4,5,5,4,4,4
902356,4,3,3,4,4,2,3,3
909350,4,5,3,4,5,3,4,4
909348,5,3,4,4,4,4,4,4
906350,5,5,4,5,5,4,4,4
905460,5,4,2,5,3,4,4,4
903473,4,3,3,4,5,3,3,3
911473,2,2,3,5,5,4,4,4
910469,1,4,3,3,5,4,4,4
907473,5,5,2,5,5,4,4,4
901476,5,3,4,5,5,4,4,4
905463,5,5,2,5,5,4,4,3
904469,2,5,4,5,5,4,4,4
901553,4,5,4,5,5,4,4,4
911567,2,2,3,4,5,2,2,2
906564,5,5,3,4,5,4,4,4
911564,1,3,3,5,5,3,3,4
905550,5,5,4,5,5,4,4,4
904556,5,5,2,4,2,4,4,4
903560,5,5,4,5,5,4,4,4
909561,3,5,2,4,5,3,4,3
912561,5,5,1,5,5,4,4,4
910562,5,4,4,4,5,4,4,4
907565,3,3,4,5,5,3,3,3
904557,4,4,3,3,5,4,4,4
909567,3,3,4,4,4,3,3,4
911570,5,5,3,5,4,4,4,3
909568,5,5,4,4,5,4,4,4
907574,5,5,4,4,5,4,4,4
909569,5,5,3,5,5,4,4,4
911571,5,5,4,3,5,2,4,4
912564,2,4,3,4,4,3,3,3
901558,5,5,3,4,5,4,4,4
901557,5,3,3,3,4,4,4,4
912567,2,5,4,4,5,4,4,4
912563,5,5,4,5,5,4,4,4
909223,5,5,4,5,5,4,4,4
901216,5,5,4,4,5,4,4,4
911217,4,4,4,4,5,1,1,4
912223,5,5,3,4,5,4,4,4
912224,2,5,2,5,5,4,4,4
905220,2,5,1,5,5,1,4,1
903227,2,5,2,5,2,4,4,4
912229,5,5,4,5,5,4,4,4
908219,5,4,4,4,5,4,4,4
904225,2,5,1,5,5,3,4,3
905233,3,5,4,5,5,4,4,4
911237,4,4,3,4,4,3,3,3
906228,5,3,4,5,5,4,4,4
912243,5,3,4,5,5,3,4,4
905391,5,5,4,5,5,4,4,4
906401,3,5,4,5,5,4,4,4
911569,3,3,4,4,4,4,4,4
905568,3,4,3,4,5,4,4,4
908569,4,4,4,4,5,4,4,4
909575,4,4,2,4,4,3,3,3
903573,5,3,4,5,5,4,4,4
911574,5,3,3,5,5,4,4,4
904449,2,3,4,5,5,3,3,4
909490,3,5,4,5,5,1,4,4
909498,5,5,4,5,5,1,4,1
906550,2,5,4,3,4,3,3,4
909524,4,4,4,5,0,3,3,4
902547,5,5,4,5,5,4,4,4
901545,5,5,4,0,0,0,0,0
909531,2,3,4,5,5,4,4,4
906529,4,4,4,5,5,2,3,4
912547,5,3,4,5,5,4,4,4
907558,4,2,3,4,5,4,4,4
907548,4,5,3,5,3,3,4,3
905525,5,5,1,5,5,4,4,3
901533,4,4,1,4,4,3,3,3
909540,5,5,3,4,5,4,4,4
911544,3,3,3,5,5,4,4,4
906557,4,4,2,5,5,3,3,3
911537,5,5,4,5,5,4,4,4
909541,5,5,4,5,5,4,4,4
911539,2,4,4,5,4,1,3,4
901542,2,3,3,4,4,3,3,3
902559,5,5,0,5,3,4,4,4
906552,5,5,4,5,5,4,4,4
904549,5,5,4,5,5,4,4,4
910533,4,5,3,5,5,3,4,3
902562,2,2,4,5,5,3,3,4
907528,3,4,4,4,5,1,4,1
903526,0,0,0,5,5,4,4,4
901534,5,3,3,4,5,4,4,4
904548,5,5,3,5,5,4,4,4
904536,5,5,4,5,4,4,4,4
910525,5,5,4,4,4,4,4,4
907529,3,4,2,3,4,4,4,4
907554,1,4,2,5,5,4,4,4
906543,4,2,3,5,5,4,4,4
907530,4,2,4,4,4,4,4,4
904540,4,4,1,3,3,3,3,3
911556,4,5,4,4,5,2,4,4
910542,3,4,4,5,3,4,4,4
911553,1,5,4,4,5,4,4,4
911555,5,5,2,5,5,4,4,4
909547,2,5,4,5,5,3,3,3
909551,1,2,3,5,5,4,4,4
909526,4,4,2,3,5,4,4,4
910524,5,5,4,4,4,4,4,4
911521,3,5,3,4,5,3,4,4
912549,3,4,4,4,3,1,2,1
910530,5,5,3,5,5,4,4,4
912555,5,5,4,5,5,4,4,4
912554,5,5,4,4,3,4,4,4
901562,5,5,3,5,3,4,4,4
904566,5,5,3,5,5,4,4,3
908567,1,2,4,5,5,4,4,4
906583,4,3,3,4,4,3,3,3
907598,4,3,2,5,5,4,4,4
905602,5,5,4,4,4,4,4,4
908579,3,3,4,5,5,4,4,4
910582,5,5,2,4,4,3,3,4
910583,5,5,3,5,5,4,4,4
908173,5,3,4,4,5,4,3,4
901178,5,5,3,5,5,4,4,4
912182,2,3,0,5,5,4,4,4
904174,5,5,4,5,5,3,4,4
910199,5,4,2,5,5,4,4,4
908403,3,4,4,4,5,4,4,4
909438,5,5,4,4,4,4,4,4
906443,5,5,3,4,5,3,3,3
912441,4,3,4,3,5,4,4,4
912465,5,5,4,5,4,4,4,4
910553,5,5,3,3,4,4,4,4
901548,3,3,3,5,5,4,4,4
911373,5,5,4,5,5,4,4,4
907388,1,4,3,5,5,4,4,4
912385,4,4,3,5,4,4,4,4
911379,5,5,4,5,5,4,4,4
908383,3,5,4,4,5,3,3,4
907401,5,5,4,5,5,4,4,3
907400,5,4,3,5,5,3,3,4
909388,4,4,4,5,5,4,4,4
912524,5,3,4,4,5,1,1,3
911512,5,3,4,4,5,4,4,4
908518,4,4,3,5,5,4,4,4
912527,5,5,4,5,5,4,4,4
908519,5,5,4,5,2,4,4,4
905030,5,5,2,5,5,4,4,3
909047,2,2,2,4,1,1,1,4
906035,0,5,4,5,5,4,4,4
911033,4,4,3,5,5,4,4,4
908046,4,4,3,4,5,4,4,4
911039,5,4,3,4,3,3,3,3
908043,5,5,3,5,5,4,4,4
903047,5,5,4,4,4,4,4,4
904045,2,3,4,5,5,4,4,4
908042,5,4,3,5,5,4,4,4
905037,1,5,2,5,5,4,4,4
907039,4,3,3,5,5,3,3,4
911029,5,5,4,5,5,4,4,3
906037,5,5,4,5,5,4,4,4
910043,4,4,3,4,5,4,4,4
905043,4,5,3,5,5,4,4,4
911030,5,4,3,4,5,4,4,4
909039,4,4,4,5,5,3,4,4
911034,4,4,2,4,4,3,3,3
903044,3,3,2,5,5,3,3,3
908044,4,2,4,5,5,3,3,4
908053,4,4,4,4,5,3,4,4
908354,3,4,2,4,4,0,3,3
907358,5,5,3,4,4,4,4,3
909358,5,5,3,5,5,4,4,4
912020,5,5,4,4,4,4,4,4
907047,5,5,3,5,5,4,4,4
905049,1,5,0,5,5,4,4,4
902050,3,4,3,4,5,2,2,2
910076,4,5,4,5,5,4,4,4
910075,4,4,3,5,5,2,2,2
910077,4,2,3,3,5,2,3,3
910617,5,2,2,5,4,4,4,4
906631,3,4,2,5,4,4,4,4
907631,5,4,4,5,5,4,4,4
903625,5,5,3,4,4,3,4,3
902625,4,4,4,5,5,4,4,4
906626,5,5,3,4,5,3,4,4
905634,2,5,4,4,3,3,4,4
906635,0,0,0,4,4,4,4,4
902621,5,5,2,5,5,3,3,3
912629,2,2,2,4,3,3,3,4
908629,4,3,4,3,4,4,4,4
912639,4,5,3,4,4,3,4,4
907625,1,5,3,4,5,3,3,4
909625,2,4,0,5,5,4,4,4
910625,4,4,2,5,5,4,4,4
910626,3,4,2,5,4,1,1,1
910618,5,5,4,4,4,4,4,4
907630,5,3,4,5,4,4,4,4
906627,4,4,4,3,4,3,4,4
909629,5,4,4,5,5,4,4,4
910647,5,5,2,5,5,4,4,4
908660,5,5,1,5,5,4,4,4
904659,5,0,0,0,5,4,4,4
905650,5,5,4,5,5,4,3,4
907663,4,5,3,5,5,4,4,4
911644,5,5,4,4,5,4,4,4
910660,0,0,0,5,2,4,4,4
910658,1,3,3,4,5,4,3,4
905663,5,2,4,5,5,4,4,4
908658,5,2,4,4,5,2,1,3
912659,2,4,3,5,5,3,3,4
906665,5,5,4,4,5,4,4,4
903652,2,3,4,3,3,2,3,3
912654,2,4,3,5,5,4,4,4
911665,5,5,4,5,5,4,4,4
905651,5,5,4,4,4,4,4,4
911649,4,4,4,4,5,4,4,4
901652,5,5,3,4,4,3,3,3
912649,5,2,3,4,4,3,3,3
910666,3,5,3,5,5,4,4,4
911650,3,2,4,5,4,3,3,3
909651,4,3,3,4,4,1,1,1
911666,4,5,4,4,4,4,4,4
908661,5,3,3,5,5,1,1,4
902665,5,5,4,4,5,4,4,4
905652,4,5,4,5,4,4,4,4
911640,2,3,4,5,5,4,4,4
903661,4,3,4,5,4,4,4,4
904650,2,4,3,4,5,4,4,4
912648,5,5,2,4,5,3,4,3
912652,1,1,1,3,1,2,2,2
901658,4,4,4,3,5,4,4,4
911664,5,2,4,5,5,4,4,4
912666,1,5,4,5,5,3,3,3
904664,4,4,3,4,4,3,3,4
903019,5,5,4,4,5,4,4,4
911050,1,3,4,5,5,4,4,4
909061,5,3,1,5,3,3,3,3
906058,2,5,4,4,4,4,4,4
909064,5,5,4,4,4,4,4,4
910066,5,5,4,5,5,3,4,4
907058,1,5,3,5,3,0,4,4
905060,2,3,3,4,5,4,4,4
903062,5,1,4,5,5,4,4,4
902067,5,5,4,5,5,4,4,4
905182,0,2,4,5,5,4,4,4
911181,5,5,4,5,5,4,4,4
908195,5,5,4,5,5,4,4,4
902210,2,5,4,5,5,4,3,4
908205,5,5,4,5,5,3,4,4
902219,2,4,3,0,3,4,3,4
902236,4,4,2,5,4,4,4,4
907242,5,1,3,5,4,4,4,4
911239,4,3,3,5,5,4,4,4
912531,2,3,2,5,5,3,3,2
911517,3,5,4,5,5,4,4,4
911494,2,2,2,4,5,4,4,4
907495,5,5,2,3,5,4,4,4
910497,1,2,1,4,4,4,4,4
902387,5,5,3,5,5,4,4,4
911406,4,2,3,4,5,4,4,4
909401,4,1,2,4,5,4,4,3
906411,5,5,4,5,5,4,4,4
904412,5,5,4,5,5,4,4,4
909403,5,5,4,4,4,1,1,3
906413,4,5,3,5,3,4,4,4
901410,2,4,4,5,5,3,3,3
904409,5,5,4,5,5,4,4,4
904411,3,3,4,5,5,4,4,4
902417,1,5,4,4,5,4,4,4
910502,5,5,4,5,5,4,4,4
907506,5,3,3,4,4,3,4,3
905502,3,3,3,5,5,4,4,4
902512,4,3,3,4,5,4,4,4
907508,4,5,3,4,4,2,4,3
912508,2,5,4,5,5,4,4,4
905491,4,5,3,4,5,4,4,4
912502,5,5,4,4,5,4,4,4
908521,5,5,4,4,4,3,3,4
911516,5,5,4,4,5,4,4,4
901560,2,4,4,5,5,4,4,4
902577,1,4,3,5,5,1,2,3
901561,4,5,3,5,5,4,4,4
909570,5,5,4,5,5,4,4,4
908566,4,3,2,4,5,4,3,3
909592,5,5,4,5,5,4,4,4
910555,5,4,3,5,5,4,4,4
909559,3,3,3,5,5,4,4,4
908553,3,4,4,4,3,0,0,0
907612,4,4,3,5,5,1,1,4
901615,1,2,4,5,5,4,4,4
908612,2,3,2,5,5,4,4,4
904347,5,5,4,5,5,4,4,4
907366,2,0,0,0,5,4,0,4
905355,5,5,4,5,5,4,4,4
905354,5,4,3,5,5,4,4,4
906494,0,2,4,5,5,4,4,4
910480,5,4,3,4,5,4,4,4
910484,0,0,0,5,5,4,4,4
912479,4,2,3,4,4,4,4,4
910492,4,4,3,4,5,4,4,4
910489,5,5,4,5,5,4,4,4
905485,5,4,1,5,5,4,4,4
906488,5,5,4,5,5,4,4,4
905472,5,5,4,5,5,4,4,4
906484,5,1,4,5,5,4,4,4
910483,5,5,3,3,5,4,4,4
908483,5,5,4,4,4,4,4,4
910478,5,3,3,5,5,4,4,4
905483,5,5,3,4,5,4,4,4
903486,5,4,3,4,4,3,4,4
906487,0,1,3,4,5,4,4,4
906486,4,5,3,4,5,4,4,4
901490,4,5,4,5,5,4,4,4
906495,2,5,4,5,4,4,4,4
906496,5,5,3,5,5,4,4,4
912480,2,4,4,4,5,3,4,4
912497,4,4,3,4,3,3,3,4
908507,5,5,4,5,5,4,4,4
901506,3,3,2,5,5,4,4,4
904504,5,4,2,5,5,4,4,3
901602,4,4,3,5,5,4,4,4
912600,2,2,3,5,5,3,3,4
905605,1,5,4,4,4,3,3,3
910598,5,5,3,5,5,4,4,4
911603,5,3,2,5,5,4,4,4
901349,5,5,4,4,5,4,4,4
902363,4,4,4,5,4,3,4,3
909204,1,3,3,5,5,4,4,4
912206,5,2,3,5,5,4,4,4
902209,5,5,4,5,5,4,4,4
906209,4,4,3,4,5,4,4,4
905231,5,2,4,5,5,3,4,4
908526,5,4,4,5,4,3,3,4
905208,3,5,4,5,2,4,4,4
911202,5,5,3,5,5,4,4,4
905205,2,3,2,4,5,4,4,4
910222,4,4,3,5,5,4,4,4
901201,2,5,4,4,4,4,4,4
907569,5,5,4,5,5,4,4,4
912573,4,2,4,4,4,2,2,4
903576,5,2,3,5,5,4,3,4
904585,5,5,4,5,5,4,4,4
904595,5,5,4,5,5,4,4,4
910589,3,3,2,5,4,4,4,4
909589,5,5,3,5,5,4,4,4
904594,3,5,4,5,5,1,1,4
911589,3,5,3,5,5,4,4,4
902600,4,4,3,4,3,4,4,4
907593,5,3,3,4,3,3,2,2
912591,5,5,4,5,5,4,4,4
909586,3,3,1,5,5,4,4,4
904586,5,5,4,5,5,4,4,4
907595,3,4,3,4,4,4,3,3
909583,5,3,4,4,5,3,4,4
903592,5,1,3,5,5,3,3,3
906595,5,4,4,4,5,4,4,4
904592,4,5,4,5,5,4,4,4
911593,5,5,4,3,4,4,4,4
908591,4,4,4,4,4,3,3,4
909199,5,5,4,4,5,3,4,4
907203,2,4,2,5,5,4,4,4
904200,5,4,3,3,3,3,3,3
906203,2,5,2,4,4,4,4,4
909514,5,2,3,4,4,4,4,4
902517,5,5,4,4,5,4,4,4
901514,4,4,3,4,5,4,4,4
908514,4,4,3,5,5,4,4,4
904512,0,5,3,5,5,4,4,4
909509,5,5,4,3,4,4,4,4
902522,2,4,2,4,4,3,3,3
904514,4,4,3,4,5,4,4,4
904509,4,4,4,4,5,4,4,4
901516,4,4,4,4,4,4,4,4
906514,5,5,3,5,5,4,4,4
912518,2,3,4,4,4,2,2,4
902526,2,3,4,5,5,4,4,4
909507,5,5,4,5,0,3,4,4
912519,3,2,3,4,5,2,3,3
902524,2,4,4,3,4,3,4,4
908515,5,2,2,5,3,4,4,4
910510,4,5,4,4,3,2,2,2
904511,5,5,1,5,5,4,4,3
905520,5,5,4,5,5,4,4,4
905196,5,2,4,4,4,4,4,4
909196,4,5,4,4,5,4,4,4
902191,3,5,4,4,4,3,3,4
905195,3,5,4,5,3,4,4,4
901193,4,5,4,4,5,4,4,4
907193,2,5,4,5,5,4,4,4
906197,2,2,2,5,5,4,4,4
907209,0,0,0,5,5,4,4,0
902207,3,3,3,5,5,4,4,4
901204,3,3,3,5,5,4,4,4
904209,2,4,3,5,5,4,4,4
906208,5,5,4,5,5,4,4,4
906236,3,2,2,4,4,3,4,3
910515,5,3,3,5,5,4,4,4
910519,1,3,3,4,5,4,4,4
902382,5,2,4,4,5,4,3,4
910380,5,5,4,5,5,4,4,4
909556,3,1,2,4,4,3,3,3
910559,5,5,4,5,5,4,4,4
907176,5,3,3,5,3,4,4,4
911178,4,4,0,5,5,4,4,4
910209,5,5,4,3,5,4,4,4
911187,5,5,4,5,4,4,4,4
911184,5,5,4,5,5,4,4,4
912185,4,1,3,4,4,4,4,4
912187,5,1,4,5,5,4,4,4
907184,4,3,3,5,5,3,3,3
904189,5,3,3,4,4,3,3,3
904183,5,5,1,4,5,4,4,4
907182,5,5,4,4,5,4,4,4
908182,3,3,3,4,5,4,4,4
902185,5,5,3,5,5,4,4,4
901184,5,5,4,5,5,4,4,4
903192,4,4,4,5,5,4,4,4
910203,4,1,4,5,5,4,3,4
907177,2,3,4,4,4,4,4,4
904178,1,2,4,5,5,4,4,4
909187,4,3,2,4,4,4,4,4
908180,5,5,4,5,5,4,4,4
903184,4,4,4,5,4,4,4,4
912191,3,4,2,3,2,4,4,4
905362,5,5,3,5,5,4,4,4
905363,5,5,4,5,5,4,4,4
907375,4,4,3,4,4,3,3,3
901360,3,5,4,3,4,4,4,4
903381,5,5,4,5,5,4,4,4
907379,5,5,3,5,5,4,4,3
910365,5,4,4,4,5,3,3,3
905372,5,2,3,5,5,4,4,4
908371,3,4,4,4,5,4,4,3
902367,3,4,4,5,5,4,4,4
909374,5,5,4,5,5,4,4,4
910368,2,5,3,4,4,4,4,4
903384,5,5,4,4,3,4,4,4
910373,5,3,3,4,4,2,2,3
911364,3,2,2,4,1,3,4,4
906371,5,5,4,5,5,4,4,4
908365,3,5,4,4,5,4,4,4
907368,4,5,4,4,5,4,4,4
905369,3,0,3,5,5,4,4,4
901361,3,4,3,5,4,3,3,3
901380,2,4,2,5,5,4,4,4
902365,5,5,4,5,5,4,4,4
906381,3,3,1,2,5,4,4,4
902364,2,5,2,5,5,4,4,4
904364,5,3,4,4,4,4,4,4
903365,5,5,4,5,5,4,4,4
908363,5,4,3,5,5,4,4,4
905380,4,2,3,5,4,3,3,4
911383,5,5,4,5,5,4,4,4
912388,4,4,1,4,5,3,3,0
911387,5,1,3,5,5,4,3,3
902503,5,5,4,4,4,4,3,4
902502,4,4,3,5,5,3,4,4
903496,5,5,4,5,5,4,4,4
903510,5,5,4,4,4,4,4,4
903355,2,4,2,4,5,3,4,4
905360,4,5,2,5,5,3,4,3
909361,4,4,3,5,0,3,3,3
901358,5,5,1,4,5,4,4,4
908361,2,3,2,5,5,3,3,3
912002,3,3,3,5,4,4,4,4
908373,5,2,3,3,4,1,1,4
902416,4,3,3,4,5,4,3,4
905409,4,5,2,4,5,4,4,4
907414,3,5,3,4,5,4,4,4
903412,3,3,3,5,5,4,4,4
905411,2,5,4,5,4,4,4,4
905413,5,5,4,4,4,4,4,4
906415,4,4,3,4,4,3,3,3
909192,5,5,4,5,5,4,4,4
902211,4,4,2,4,5,4,3,4
912335,5,4,3,4,4,4,4,4
909342,5,5,2,5,2,4,4,4
908336,0,5,4,5,5,4,4,4
901333,3,5,4,5,5,3,4,4
910354,2,3,4,5,5,4,4,4
909332,5,2,4,5,5,4,4,4
910353,2,1,4,5,5,4,4,4
905334,3,4,4,4,5,4,4,4
911341,3,4,1,5,5,4,4,3
907342,4,3,4,4,5,4,4,4
911339,3,4,2,5,5,3,4,4
911333,5,5,4,4,4,4,4,4
903332,5,5,4,0,0,0,0,0
902340,5,4,3,5,5,4,4,4
901338,5,5,4,4,5,4,4,4
909336,5,5,4,4,4,4,4,4
907351,3,3,2,5,4,4,4,4
912350,2,2,2,5,5,4,4,4
912349,3,3,1,5,5,4,4,3
908344,2,3,3,5,5,4,4,4
904342,5,5,4,5,4,1,4,3
907338,4,4,3,5,5,4,4,4
908333,3,4,2,5,5,3,3,4
905333,5,2,4,5,5,3,3,4
908337,5,3,2,4,5,4,4,4
909346,3,4,2,3,3,4,4,4
909356,3,4,4,5,5,3,3,4
903350,5,5,4,5,5,4,4,4
912438,4,4,2,5,5,3,3,4
909442,5,1,3,4,3,4,4,4
910437,5,5,4,4,5,3,4,4
904450,4,4,3,5,4,1,1,3
908471,4,4,4,5,5,4,4,4
902478,5,5,4,5,5,4,4,4
901482,5,5,4,5,5,4,4,4
906479,5,5,4,5,3,4,4,4
903415,5,5,4,4,4,4,4,4
905414,5,5,4,4,5,4,4,4
908423,5,2,2,5,5,4,4,4
908425,5,5,4,5,5,4,4,4
911430,5,5,4,4,5,4,4,4
904420,1,2,4,5,4,4,4,4
906429,1,2,3,4,4,4,4,4
902421,5,5,4,5,5,4,4,4
908428,1,2,1,3,4,4,4,4
908432,4,4,3,4,5,4,4,4
911428,5,4,2,4,5,3,3,3
907424,5,5,4,4,5,4,4,4
904418,5,5,4,5,5,4,4,4
901419,5,2,3,4,5,3,4,4
907421,4,4,3,4,5,4,4,4
911432,5,5,3,4,5,4,4,4
907434,3,4,3,5,4,4,4,4
912428,4,5,4,4,5,4,3,4
902434,5,5,3,5,4,4,4,4
909432,1,4,1,5,4,4,4,4
905434,5,2,3,4,4,4,3,3
905431,4,3,4,5,4,3,3,3
910429,5,5,4,4,5,4,4,4
911437,4,2,3,4,5,2,3,4
905430,4,5,3,4,4,3,4,3
906430,3,0,2,5,5,4,4,4
909423,4,4,3,5,4,4,3,4
909430,5,5,4,4,5,4,4,4
904436,2,4,3,4,5,4,4,4
909431,2,3,3,4,4,3,3,4
904432,5,5,4,4,5,3,3,4
910436,5,5,4,5,5,4,4,4
906431,5,5,4,4,5,4,4,4
912427,5,5,4,5,5,4,4,4
907429,4,4,4,4,5,3,4,4
911439,4,5,3,4,3,4,4,4
911441,3,3,3,5,5,2,3,4
901440,4,3,2,4,5,1,3,1
912478,5,5,4,4,5,4,4,4
911477,5,1,3,5,5,4,4,4
904218,1,3,3,5,5,3,4,4
908237,4,2,4,5,3,4,3,3
908248,5,5,3,5,5,4,4,4
901245,5,5,3,4,4,4,4,4
904246,5,5,4,5,5,4,4,4
909246,1,4,3,4,5,3,3,0
910259,5,4,3,4,5,4,4,4
905243,5,5,4,3,5,4,4,4
911244,5,5,4,5,5,3,3,4
904245,5,5,3,5,5,4,4,4
905249,5,2,3,5,5,3,4,4
906187,5,5,4,4,4,4,4,4
903194,4,3,3,4,5,3,3,3
908211,5,5,4,5,5,4,4,4
911213,5,5,4,5,5,4,4,4
912219,5,5,4,4,4,4,4,4
911221,5,5,3,5,5,4,4,4
904231,4,4,3,4,4,3,4,4
906226,5,5,4,5,5,4,4,4
907229,5,5,4,5,5,4,4,4
911228,1,5,3,5,5,4,4,4
904234,5,3,3,5,5,4,3,3
907232,5,2,4,4,4,4,4,4
901223,5,5,4,4,5,4,4,4
907226,1,2,4,5,5,4,4,4
902233,4,5,4,5,5,3,3,3
901233,5,5,4,4,4,4,4,4
904351,5,5,4,3,5,3,3,3
906395,5,5,4,5,5,4,4,4
901396,5,5,3,4,5,4,4,4
908509,4,5,4,5,5,4,4,4
905501,5,5,4,4,5,4,4,4
904506,3,3,2,5,5,4,4,4
910505,3,4,4,4,5,3,4,4
904505,4,1,3,4,5,3,3,4
910504,4,4,3,2,4,3,3,3
908392,4,5,4,4,5,3,4,4
903395,2,2,3,4,5,1,1,4
903396,5,4,3,4,5,3,3,4
912393,4,5,3,5,4,4,4,4
909387,1,4,2,5,5,4,4,4
905388,4,4,1,4,5,4,4,4
905389,2,3,3,5,5,3,3,3
903397,5,5,4,4,3,4,4,4
910393,4,3,3,4,5,3,3,3
903493,4,4,4,5,5,4,4,4
901502,5,2,4,5,5,4,4,4
907499,4,5,4,5,5,4,4,4
901500,5,0,3,4,5,4,4,3
903500,2,3,3,5,5,4,4,4
902511,4,4,1,5,5,4,4,3
901508,5,5,4,5,5,4,4,4
905499,2,2,2,3,4,3,3,3
909352,5,5,4,5,5,4,4,4
906354,5,5,3,5,5,4,4,4
904375,5,5,3,5,5,4,4,4
910384,5,3,2,5,3,3,3,3
906389,5,5,4,4,4,4,4,4
912390,5,3,4,3,3,4,4,4
904384,2,3,3,2,2,3,3,3
908406,5,5,4,4,4,3,4,3
906391,3,4,3,4,5,3,4,3
906393,5,3,2,5,5,0,4,4
906398,5,4,3,4,4,4,4,4
907396,5,5,4,4,5,4,4,4
906397,5,5,4,4,5,4,4,4
905386,4,5,2,5,5,4,4,4
905563,5,5,4,5,5,4,4,4
902585,5,3,4,5,5,4,4,4
906586,4,4,2,2,5,4,4,4
912577,4,1,4,1,4,2,1,3
908577,5,5,3,4,5,4,4,3
912576,2,3,3,4,5,4,4,4
911583,4,4,4,5,4,4,4,4
905584,5,5,4,4,4,1,4,4
902586,5,3,3,5,5,4,4,4
905577,5,2,4,4,5,4,3,4
901570,3,2,3,4,5,4,4,4
902362,5,5,4,5,5,4,4,4
911455,4,5,3,4,4,3,3,3
910442,5,5,4,5,5,4,4,4
910441,2,3,3,5,5,4,4,3
